,a
0,Medina
1,Peninsula
2,Massillon
3,Brunswick
4,Rootstown
5,Norton
6,Barberton
7,Tallmadge
8,Akron
9,New Franklin
10,Coventry Township
11,Cuyahoga Falls
12,North Canton
13,Canton
14,Streetsboro
15,Canal Fulton
16,Elyria
17,Wadsworth
18,Oberlin
19,Chippewa Lake
20,Doylestown
21,Lakemore
22,Ravenna
23,Rittman
24,Mogadore
25,Aurora
26,Stow
27,Silver Lake
28,Norwalk
29,Orrville
30,Clinton
31,Windham
32,Kent
33,Seville
34,Dalton
35,New London
36,Uniontown
37,Wooster
38,Twinsburg
39,Garrettsville
40,Lodi
41,Hartville
42,Wellington
43,Mantua
44,Marshallville
45,Atwater
46,Middleburg Heights
47,Sterling
48,Columbia Station
