,Name,Age,Price,Date,Agent
0,Goff Houdini,20,479959,2019-01-05,Sharon Nagasaki
1,Leander Mach,51,636977,2019-02-17,Martian Wendell
2,Greenberg Punjab,39,620455,2019-04-23,Huggins Toshiba
3,Indira Nora,40,709202,2019-02-15,Osgood Boone
4,Arachne Urdu,45,250291,2019-03-23,Gannett Scorpio
5,Moghul Banach,57,717257,2019-04-21,Bayonne Lana
6,CZ Oman,50,309100,2019-04-08,Maximilian Desmond
7,Magog Grecian,48,572899,2019-03-06,Berlitz Francisco
8,Julia Switzerland,34,80482,2019-06-11,Ernst Susan
9,Boyd Cecilia,59,673110,2019-02-11,Seoul Turing
10,Argentina Dougherty,41,706292,2019-04-21,Babylon Algiers
11,Dalzell Lou,59,313613,2019-06-25,Ada McAllister
12,Hershey Brigham,45,788664,2019-04-08,Euphrates Vancouver
13,DC Benton,55,546576,2019-01-27,Hiatt Willard
14,Jessica Malone,35,674460,2019-02-17,Lund Tzeltal
15,McCarty Kirov,26,366015,2019-04-13,Clemson Ghana
16,Bangladesh Cargill,20,763111,2019-04-11,Angola Robert
17,Scala Barrington,49,707895,2019-05-05,Stanhope Pabst
18,Gonzales Kieffer,47,660773,2019-05-21,Sparta Holst
19,Gavin Fallopian,24,694563,2019-03-21,Marc Hyde
20,PBS TX,62,278958,2019-01-25,Telex Fredericksburg
21,Ajax Daedalus,29,135170,2019-05-21,Hershey Slavic
22,Milton Elinor,55,234728,2019-05-06,Leona Seymour
23,Gothic Laguerre,57,726908,2019-05-11,PhD Reynolds
24,Claude Vella,41,59765,2019-02-25,Allis Teresa
25,Polyphemus Vogel,64,286060,2019-04-12,Heisenberg Heckman
26,Lancelot Nevins,64,667703,2019-01-02,Edgerton Mont
27,Pete Lancelot,31,484732,2019-05-26,Crandall Buchanan
28,Ernie Erskine,50,343830,2019-01-20,Po Steven
29,Muzo Del,54,531705,2019-04-27,Djakarta Byzantium
30,Allentown Moore,43,440804,2019-02-09,Erwin Lucifer
31,Granville Merriam,25,159227,2019-04-22,Majorca Mecca
32,Woolworth Robinson,45,470546,2019-05-10,Zagreb Frenchmen
33,Quixote Kathy,30,204952,2019-05-09,Bolshevism Muskegon
34,Cyclops Dobbin,56,364947,2019-05-02,McCoy Burt
35,Mendel Phobos,40,465634,2019-03-09,Abramson Dominican
36,Honshu Stefan,59,543571,2019-04-13,Pleistocene Deneb
37,Strauss Hershey,52,543305,2019-02-26,Tutenkhamon Winnetka
38,Judas Fenton,58,401603,2019-04-15,Balzac Marjorie
39,Windsor Alameda,65,583737,2019-05-07,JACM Bizet
40,Volterra Weiss,51,607828,2019-04-23,Blair McDonald
41,Egan Dostoevsky,27,106797,2019-05-20,McAllister Melissa
42,Giuliano Alicia,28,617376,2019-05-16,Pythagoras Simmons
43,Ingram Peggy,63,694532,2019-01-07,Ronald Sunday
44,Angeles Wiggins,65,608041,2019-03-24,November Aegean
45,Dana Cathy,26,615085,2019-03-15,Elizabethan Upton
46,McDowell Gilchrist,26,351540,2019-01-18,ND Merriam
47,Mauritania Armour,48,744481,2019-01-19,Marshall Abbott
48,Leeuwenhoek Lubell,24,321314,2019-02-25,Togo Atkinson
49,Kevin Plutarch,49,536591,2019-01-14,Sinology Angola
50,Cameroun Tuesday,39,218838,2019-05-09,Haiti Scotsmen
51,Gemma Ms,53,654225,2019-06-23,Aiken Benz
52,Enrico Winfield,27,283445,2019-05-21,Guenther Jeremy
53,Preston Scotty,59,697402,2019-03-18,Nazism Tahiti
54,Guyana Elsie,55,616589,2019-04-20,Craig Saudi
55,Bowditch Allen,42,213192,2019-02-26,Norwegian McKeon
56,Mindanao Valhalla,61,219919,2019-05-26,Bela Boreas
57,Irwin Florida,55,275010,2019-02-07,Harvard Benedictine
58,Sumatra Charlotte,55,431484,2019-03-17,Heckman Swenson
59,Barnum Reginald,56,187712,2019-06-18,MacDonald Arapaho
60,Kernighan Neptune,59,712454,2019-06-24,Moore Palladian
61,Wadsworth Gordon,61,675677,2019-03-20,Georgia Arthur
62,McGrath Toni,26,643188,2019-06-13,Byron Wu
63,Breton Clotho,20,724934,2019-01-27,Haney Suzuki
64,Decca Mickelson,61,364969,2019-01-03,Kellogg Wooster
65,Donaldson Moe,38,164081,2019-01-06,Brandon Achilles
66,Ryder IEEE,33,695446,2019-04-20,Batavia Crete
67,Emerson Raytheon,23,346338,2019-06-13,Prof Monteverdi
68,Raritan Travis,55,116533,2019-01-25,Corvallis Dhabi
69,Minsky Lenten,37,107955,2019-05-20,Warburton Stewart
70,Blvd Jesuit,24,196817,2019-06-01,Kennan Arlington
71,Cohen Madras,34,789130,2019-03-15,Aztecan Whittier
72,McGovern AAA,44,121155,2019-02-06,Merriam Jupiter
73,Arabic Rex,40,443069,2019-05-19,Dobbs Armstrong
74,Lennox Euripides,28,101623,2019-02-04,Wilcox Mildred
75,Thomistic R&D,53,293398,2019-02-17,Haynes Pickford
76,Pittsfield Edmonton,47,534551,2019-01-04,Seymour Botswana
77,McBride Walsh,38,323733,2019-04-14,Salisbury Murray
78,Selfridge Dougherty,28,695823,2019-03-03,Corvus Saxon
79,Carmela Fermi,31,624951,2019-02-23,Chad Inc
80,Tristan Teddy,52,459555,2019-03-28,Wellesley Jeremiah
81,Desmond Pavlovian,65,554361,2019-03-18,Denebola Dubhe
82,Hera Todd,62,637016,2019-01-22,Pepsi Vernon
83,Cochran Capistrano,22,446413,2019-01-25,Chelsea Faraday
84,Nellie Marceau,54,757459,2019-05-27,Hom Estella
85,Davy Olympic,31,297455,2019-02-10,USC&GS Kent
86,Arlen Gambia,59,636217,2019-02-18,Howe McGill
87,Beograd Laurent,28,403609,2019-04-05,Fisk Jutish
88,Bermuda Jacky,49,218139,2019-02-01,Kensington Lucia
89,Lebesgue Kerr,28,588042,2019-01-13,Chadwick AAA
90,Volterra Barrett,56,353887,2019-04-08,Lahore TX
91,Wyner Pavlovian,23,678739,2019-03-19,Sandia Brussels
92,Faustus Noreen,56,781996,2019-03-12,Newtonian Bujumbura
93,Claus Annale,47,104274,2019-05-03,Martha Mimi
94,Athenian Capricorn,58,303367,2019-03-01,Athens Moroccan
95,Arden Bayda,29,666923,2019-04-18,Studebaker Pomona
96,Newman Daley,65,532195,2019-05-13,Rabin Midwest
97,Melissa Fernando,52,614368,2019-02-04,Switzer UK
98,Moser Bert,64,195002,2019-02-19,Ontario Mackinac
99,Hebraic Erickson,35,374762,2019-05-11,Menlo Kalamazoo
